INSERT INTO studentgroups (studentgroupid, group_name) VALUES (1, 'Group 1');
INSERT INTO studentgroups (studentgroupid, group_name) VALUES (2, 'Group 2');
INSERT INTO studentgroups (studentgroupid, group_name) VALUES (3, 'Group 3');
INSERT INTO studentgroups (studentgroupid, group_name) VALUES (4, 'Group 4');
INSERT INTO studentgroups (studentgroupid, group_name) VALUES (5, 'Group 5');
INSERT INTO studentgroups (studentgroupid, group_name) VALUES (6, 'Group 6');
INSERT INTO studentgroups (studentgroupid, group_name) VALUES (7, 'Group 7');
INSERT INTO studentgroups (studentgroupid, group_name) VALUES (8, 'Group 8');
INSERT INTO studentgroups (studentgroupid, group_name) VALUES (9, 'Group 9');
INSERT INTO studentgroups (studentgroupid, group_name) VALUES (10, 'Group 10');
INSERT INTO studentgroups (studentgroupid, group_name) VALUES (11, 'Group 11');
INSERT INTO studentgroups (studentgroupid, group_name) VALUES (12, 'Group 12');
INSERT INTO studentgroups (studentgroupid, group_name) VALUES (13, 'Group 13');
INSERT INTO studentgroups (studentgroupid, group_name) VALUES (14, 'Group 14');
INSERT INTO studentgroups (studentgroupid, group_name) VALUES (15, 'Group 15');
INSERT INTO studentgroups (studentgroupid, group_name) VALUES (16, 'Group 16');
INSERT INTO studentgroups (studentgroupid, group_name) VALUES (17, 'Group 17');
INSERT INTO studentgroups (studentgroupid, group_name) VALUES (18, 'Group 18');
INSERT INTO studentgroups (studentgroupid, group_name) VALUES (19, 'Group 19');
INSERT INTO studentgroups (studentgroupid, group_name) VALUES (20, 'Group 20');

    INSERT INTO users (userid, username, email, staff, first_name, last_name, studentnumber, studentgroupid, roleid, GDPR, darkMode, language, activeStatus)
    VALUES (3, 'user3', 'user3@example.com', 0, 'Juhani', 'Rantanen', 100003, 5, 1, 1, 1, 'fi', 1);
    

    INSERT INTO users (userid, username, email, staff, first_name, last_name, studentnumber, studentgroupid, roleid, GDPR, darkMode, language, activeStatus)
    VALUES (4, 'user4', 'user4@example.com', 1, 'Heidi', 'Kokkonen', 100004, 7, 1, 1, 0, 'fi', 1);
    

    INSERT INTO users (userid, username, email, staff, first_name, last_name, studentnumber, studentgroupid, roleid, GDPR, darkMode, language, activeStatus)
    VALUES (5, 'user5', 'user5@example.com', 0, 'Antti', 'Niemi', 100005, 10, 4, 1, 0, 'fi', 1);
    

    INSERT INTO users (userid, username, email, staff, first_name, last_name, studentnumber, studentgroupid, roleid, GDPR, darkMode, language, activeStatus)
    VALUES (6, 'user6', 'user6@example.com', 1, 'Maarit', 'Rissanen', 100006, 10, 2, 1, 0, 'sv', 1);
    

    INSERT INTO users (userid, username, email, staff, first_name, last_name, studentnumber, studentgroupid, roleid, GDPR, darkMode, language, activeStatus)
    VALUES (7, 'user7', 'user7@example.com', 1, 'Jouko', 'Aro', 100007, 12, 1, 1, 1, 'en', 1);
    

    INSERT INTO users (userid, username, email, staff, first_name, last_name, studentnumber, studentgroupid, roleid, GDPR, darkMode, language, activeStatus)
    VALUES (8, 'user8', 'user8@example.com', 0, 'Johanna', 'Karhunen', 100008, 5, 4, 1, 1, 'en', 1);
    

    INSERT INTO users (userid, username, email, staff, first_name, last_name, studentnumber, studentgroupid, roleid, GDPR, darkMode, language, activeStatus)
    VALUES (9, 'user9', 'user9@example.com', 0, 'Helena', 'Koskela', 100009, 3, 1, 1, 0, 'sv', 1);
    

    INSERT INTO users (userid, username, email, staff, first_name, last_name, studentnumber, studentgroupid, roleid, GDPR, darkMode, language, activeStatus)
    VALUES (10, 'user10', 'user10@example.com', 1, 'Tapio', 'Seppälä', 100010, 15, 3, 1, 0, 'fi', 1);
    

    INSERT INTO users (userid, username, email, staff, first_name, last_name, studentnumber, studentgroupid, roleid, GDPR, darkMode, language, activeStatus)
    VALUES (11, 'user11', 'user11@example.com', 0, 'Lotta', 'Kujala', 100011, 2, 3, 1, 0, 'sv', 1);
    

    INSERT INTO users (userid, username, email, staff, first_name, last_name, studentnumber, studentgroupid, roleid, GDPR, darkMode, language, activeStatus)
    VALUES (12, 'user12', 'user12@example.com', 0, 'Antero', 'Koistinen', 100012, 5, 1, 1, 0, 'sv', 1);
    

    INSERT INTO users (userid, username, email, staff, first_name, last_name, studentnumber, studentgroupid, roleid, GDPR, darkMode, language, activeStatus)
    VALUES (13, 'user13', 'user13@example.com', 0, 'Paavo', 'Asikainen', 100013, 9, 3, 1, 1, 'fi', 1);
    

    INSERT INTO users (userid, username, email, staff, first_name, last_name, studentnumber, studentgroupid, roleid, GDPR, darkMode, language, activeStatus)
    VALUES (14, 'user14', 'user14@example.com', 0, 'Jenni', 'Jääskeläinen', 100014, 7, 1, 1, 0, 'sv', 1);
    

    INSERT INTO users (userid, username, email, staff, first_name, last_name, studentnumber, studentgroupid, roleid, GDPR, darkMode, language, activeStatus)
    VALUES (15, 'user15', 'user15@example.com', 1, 'Arvo', 'Holappa', 100015, 12, 3, 1, 1, 'sv', 1);
    

    INSERT INTO users (userid, username, email, staff, first_name, last_name, studentnumber, studentgroupid, roleid, GDPR, darkMode, language, activeStatus)
    VALUES (16, 'user16', 'user16@example.com', 0, 'Marita', 'Salo', 100016, 19, 4, 1, 0, 'fi', 1);
    

    INSERT INTO users (userid, username, email, staff, first_name, last_name, studentnumber, studentgroupid, roleid, GDPR, darkMode, language, activeStatus)
    VALUES (17, 'user17', 'user17@example.com', 0, 'Tapani', 'Koistinen', 100017, 17, 4, 1, 1, 'en', 1);
    

    INSERT INTO users (userid, username, email, staff, first_name, last_name, studentnumber, studentgroupid, roleid, GDPR, darkMode, language, activeStatus)
    VALUES (18, 'user18', 'user18@example.com', 0, 'Anneli', 'Heinonen', 100018, 17, 4, 1, 1, 'fi', 1);
    

    INSERT INTO users (userid, username, email, staff, first_name, last_name, studentnumber, studentgroupid, roleid, GDPR, darkMode, language, activeStatus)
    VALUES (19, 'user19', 'user19@example.com', 1, 'Seppo', 'Aro', 100019, 8, 3, 1, 0, 'fi', 1);
    

    INSERT INTO users (userid, username, email, staff, first_name, last_name, studentnumber, studentgroupid, roleid, GDPR, darkMode, language, activeStatus)
    VALUES (20, 'user20', 'user20@example.com', 1, 'Sinikka', 'Kortelainen', 100020, 13, 1, 1, 1, 'en', 1);
    

    INSERT INTO users (userid, username, email, staff, first_name, last_name, studentnumber, studentgroupid, roleid, GDPR, darkMode, language, activeStatus)
    VALUES (21, 'user21', 'user21@example.com', 1, 'Päivi', 'Nurminen', 100021, 17, 2, 1, 1, 'fi', 1);
    

    INSERT INTO users (userid, username, email, staff, first_name, last_name, studentnumber, studentgroupid, roleid, GDPR, darkMode, language, activeStatus)
    VALUES (22, 'user22', 'user22@example.com', 1, 'Kaarina', 'Lammi', 100022, 2, 1, 1, 0, 'sv', 1);
    
INSERT INTO topics (topicid, topicname) VALUES (1, 'Topic 1');
INSERT INTO topics (topicid, topicname) VALUES (2, 'Topic 2');
INSERT INTO topics (topicid, topicname) VALUES (3, 'Topic 3');
INSERT INTO topics (topicid, topicname) VALUES (4, 'Topic 4');
INSERT INTO topics (topicid, topicname) VALUES (5, 'Topic 5');
INSERT INTO topics (topicid, topicname) VALUES (6, 'Topic 6');
INSERT INTO topics (topicid, topicname) VALUES (7, 'Topic 7');
INSERT INTO topics (topicid, topicname) VALUES (8, 'Topic 8');
INSERT INTO topics (topicid, topicname) VALUES (9, 'Topic 9');
INSERT INTO topics (topicid, topicname) VALUES (10, 'Topic 10');
INSERT INTO topics (topicid, topicname) VALUES (11, 'Topic 11');
INSERT INTO topics (topicid, topicname) VALUES (12, 'Topic 12');
INSERT INTO topics (topicid, topicname) VALUES (13, 'Topic 13');
INSERT INTO topics (topicid, topicname) VALUES (14, 'Topic 14');
INSERT INTO topics (topicid, topicname) VALUES (15, 'Topic 15');
INSERT INTO topics (topicid, topicname) VALUES (16, 'Topic 16');
INSERT INTO topics (topicid, topicname) VALUES (17, 'Topic 17');
INSERT INTO topics (topicid, topicname) VALUES (18, 'Topic 18');
INSERT INTO topics (topicid, topicname) VALUES (19, 'Topic 19');
INSERT INTO topics (topicid, topicname) VALUES (20, 'Topic 20');
INSERT INTO topicgroups (topicgroupid, topicgroupname, userid) VALUES (1, 'Group 1', 9);
INSERT INTO topicgroups (topicgroupid, topicgroupname, userid) VALUES (2, 'Group 2', 15);
INSERT INTO topicgroups (topicgroupid, topicgroupname, userid) VALUES (3, 'Group 3', 19);
INSERT INTO topicgroups (topicgroupid, topicgroupname, userid) VALUES (4, 'Group 4', 4);
INSERT INTO topicgroups (topicgroupid, topicgroupname, userid) VALUES (5, 'Group 5', 11);
INSERT INTO topicgroups (topicgroupid, topicgroupname, userid) VALUES (6, 'Group 6', 14);
INSERT INTO topicgroups (topicgroupid, topicgroupname, userid) VALUES (7, 'Group 7', 5);
INSERT INTO topicgroups (topicgroupid, topicgroupname, userid) VALUES (8, 'Group 8', 13);
INSERT INTO topicgroups (topicgroupid, topicgroupname, userid) VALUES (9, 'Group 9', 6);
INSERT INTO topicgroups (topicgroupid, topicgroupname, userid) VALUES (10, 'Group 10', 13);
INSERT INTO topicgroups (topicgroupid, topicgroupname, userid) VALUES (11, 'Group 11', 10);
INSERT INTO topicgroups (topicgroupid, topicgroupname, userid) VALUES (12, 'Group 12', 19);
INSERT INTO topicgroups (topicgroupid, topicgroupname, userid) VALUES (13, 'Group 13', 6);
INSERT INTO topicgroups (topicgroupid, topicgroupname, userid) VALUES (14, 'Group 14', 15);
INSERT INTO topicgroups (topicgroupid, topicgroupname, userid) VALUES (15, 'Group 15', 18);
INSERT INTO topicgroups (topicgroupid, topicgroupname, userid) VALUES (16, 'Group 16', 18);
INSERT INTO topicgroups (topicgroupid, topicgroupname, userid) VALUES (17, 'Group 17', 18);
INSERT INTO topicgroups (topicgroupid, topicgroupname, userid) VALUES (18, 'Group 18', 4);
INSERT INTO topicgroups (topicgroupid, topicgroupname, userid) VALUES (19, 'Group 19', 18);
INSERT INTO topicgroups (topicgroupid, topicgroupname, userid) VALUES (20, 'Group 20', 15);
INSERT INTO topicsingroup (topicgroupid, topicid) VALUES (3, 1);
INSERT INTO topicsingroup (topicgroupid, topicid) VALUES (5, 2);
INSERT INTO topicsingroup (topicgroupid, topicid) VALUES (19, 3);
INSERT INTO topicsingroup (topicgroupid, topicid) VALUES (19, 4);
INSERT INTO topicsingroup (topicgroupid, topicid) VALUES (3, 5);
INSERT INTO topicsingroup (topicgroupid, topicid) VALUES (5, 6);
INSERT INTO topicsingroup (topicgroupid, topicid) VALUES (9, 7);
INSERT INTO topicsingroup (topicgroupid, topicid) VALUES (11, 8);
INSERT INTO topicsingroup (topicgroupid, topicid) VALUES (14, 9);
INSERT INTO topicsingroup (topicgroupid, topicid) VALUES (17, 10);
INSERT INTO topicsingroup (topicgroupid, topicid) VALUES (14, 11);
INSERT INTO topicsingroup (topicgroupid, topicid) VALUES (10, 12);
INSERT INTO topicsingroup (topicgroupid, topicid) VALUES (13, 13);
INSERT INTO topicsingroup (topicgroupid, topicid) VALUES (1, 14);
INSERT INTO topicsingroup (topicgroupid, topicid) VALUES (15, 15);
INSERT INTO topicsingroup (topicgroupid, topicid) VALUES (4, 16);
INSERT INTO topicsingroup (topicgroupid, topicid) VALUES (9, 17);
INSERT INTO topicsingroup (topicgroupid, topicid) VALUES (7, 18);
INSERT INTO topicsingroup (topicgroupid, topicid) VALUES (7, 19);
INSERT INTO topicsingroup (topicgroupid, topicid) VALUES (9, 20);

    INSERT INTO courses (courseid, name, start_date, end_date, code, studentgroupid)
    VALUES (1, 'Course 1', '2025-05-05', '2025-08-03', 'C001', 17);
    

    INSERT INTO courses (courseid, name, start_date, end_date, code, studentgroupid)
    VALUES (2, 'Course 2', '2025-05-03', '2025-08-01', 'C002', 9);
    

    INSERT INTO courses (courseid, name, start_date, end_date, code, studentgroupid)
    VALUES (3, 'Course 3', '2025-04-11', '2025-07-10', 'C003', 4);
    

    INSERT INTO courses (courseid, name, start_date, end_date, code, studentgroupid)
    VALUES (4, 'Course 4', '2025-05-13', '2025-08-11', 'C004', 12);
    

    INSERT INTO courses (courseid, name, start_date, end_date, code, studentgroupid)
    VALUES (5, 'Course 5', '2025-04-01', '2025-06-30', 'C005', 4);
    

    INSERT INTO courses (courseid, name, start_date, end_date, code, studentgroupid)
    VALUES (6, 'Course 6', '2025-04-26', '2025-07-25', 'C006', 18);
    

    INSERT INTO courses (courseid, name, start_date, end_date, code, studentgroupid)
    VALUES (7, 'Course 7', '2025-04-20', '2025-07-19', 'C007', 12);
    

    INSERT INTO courses (courseid, name, start_date, end_date, code, studentgroupid)
    VALUES (8, 'Course 8', '2025-05-16', '2025-08-14', 'C008', 2);
    

    INSERT INTO courses (courseid, name, start_date, end_date, code, studentgroupid)
    VALUES (9, 'Course 9', '2025-05-18', '2025-08-16', 'C009', 13);
    

    INSERT INTO courses (courseid, name, start_date, end_date, code, studentgroupid)
    VALUES (10, 'Course 10', '2025-04-22', '2025-07-21', 'C010', 20);
    

    INSERT INTO courses (courseid, name, start_date, end_date, code, studentgroupid)
    VALUES (11, 'Course 11', '2025-04-22', '2025-07-21', 'C011', 20);
    

    INSERT INTO courses (courseid, name, start_date, end_date, code, studentgroupid)
    VALUES (12, 'Course 12', '2025-05-03', '2025-08-01', 'C012', 7);
    

    INSERT INTO courses (courseid, name, start_date, end_date, code, studentgroupid)
    VALUES (13, 'Course 13', '2025-05-24', '2025-08-22', 'C013', 12);
    

    INSERT INTO courses (courseid, name, start_date, end_date, code, studentgroupid)
    VALUES (14, 'Course 14', '2025-05-18', '2025-08-16', 'C014', 16);
    

    INSERT INTO courses (courseid, name, start_date, end_date, code, studentgroupid)
    VALUES (15, 'Course 15', '2025-04-22', '2025-07-21', 'C015', 6);
    

    INSERT INTO courses (courseid, name, start_date, end_date, code, studentgroupid)
    VALUES (16, 'Course 16', '2025-05-28', '2025-08-26', 'C016', 14);
    

    INSERT INTO courses (courseid, name, start_date, end_date, code, studentgroupid)
    VALUES (17, 'Course 17', '2025-04-13', '2025-07-12', 'C017', 17);
    

    INSERT INTO courses (courseid, name, start_date, end_date, code, studentgroupid)
    VALUES (18, 'Course 18', '2025-04-19', '2025-07-18', 'C018', 15);
    

    INSERT INTO courses (courseid, name, start_date, end_date, code, studentgroupid)
    VALUES (19, 'Course 19', '2025-05-22', '2025-08-20', 'C019', 3);
    

    INSERT INTO courses (courseid, name, start_date, end_date, code, studentgroupid)
    VALUES (20, 'Course 20', '2025-04-29', '2025-07-28', 'C020', 15);
    
INSERT INTO coursetopics (courseid, topicid) VALUES (13, 1);
INSERT INTO coursetopics (courseid, topicid) VALUES (4, 2);
INSERT INTO coursetopics (courseid, topicid) VALUES (9, 3);
INSERT INTO coursetopics (courseid, topicid) VALUES (1, 4);
INSERT INTO coursetopics (courseid, topicid) VALUES (7, 5);
INSERT INTO coursetopics (courseid, topicid) VALUES (8, 6);
INSERT INTO coursetopics (courseid, topicid) VALUES (5, 7);
INSERT INTO coursetopics (courseid, topicid) VALUES (18, 8);
INSERT INTO coursetopics (courseid, topicid) VALUES (15, 9);
INSERT INTO coursetopics (courseid, topicid) VALUES (16, 10);
INSERT INTO coursetopics (courseid, topicid) VALUES (14, 11);
INSERT INTO coursetopics (courseid, topicid) VALUES (12, 12);
INSERT INTO coursetopics (courseid, topicid) VALUES (8, 13);
INSERT INTO coursetopics (courseid, topicid) VALUES (5, 14);
INSERT INTO coursetopics (courseid, topicid) VALUES (20, 15);
INSERT INTO coursetopics (courseid, topicid) VALUES (18, 16);
INSERT INTO coursetopics (courseid, topicid) VALUES (2, 17);
INSERT INTO coursetopics (courseid, topicid) VALUES (1, 18);
INSERT INTO coursetopics (courseid, topicid) VALUES (2, 19);
INSERT INTO coursetopics (courseid, topicid) VALUES (10, 20);
INSERT INTO courseinstructors (courseid, userid) VALUES (19, 6);
INSERT INTO courseinstructors (courseid, userid) VALUES (2, 17);
INSERT INTO courseinstructors (courseid, userid) VALUES (16, 4);
INSERT INTO courseinstructors (courseid, userid) VALUES (1, 8);
INSERT INTO courseinstructors (courseid, userid) VALUES (11, 10);
INSERT INTO courseinstructors (courseid, userid) VALUES (1, 11);
INSERT INTO courseinstructors (courseid, userid) VALUES (5, 16);
INSERT INTO courseinstructors (courseid, userid) VALUES (7, 11);
INSERT INTO courseinstructors (courseid, userid) VALUES (5, 11);
INSERT INTO courseinstructors (courseid, userid) VALUES (1, 18);
INSERT INTO courseinstructors (courseid, userid) VALUES (14, 8);
INSERT INTO courseinstructors (courseid, userid) VALUES (2, 12);
INSERT INTO courseinstructors (courseid, userid) VALUES (6, 13);
INSERT INTO courseinstructors (courseid, userid) VALUES (8, 8);
INSERT INTO courseinstructors (courseid, userid) VALUES (17, 12);
INSERT INTO courseinstructors (courseid, userid) VALUES (5, 9);
INSERT INTO courseinstructors (courseid, userid) VALUES (18, 15);
INSERT INTO courseinstructors (courseid, userid) VALUES (6, 19);
INSERT INTO courseinstructors (courseid, userid) VALUES (16, 17);
INSERT INTO courseinstructors (courseid, userid) VALUES (1, 19);
INSERT INTO usercourses (usercourseid, userid, courseid) VALUES (1, 6, 19);
INSERT INTO usercourses (usercourseid, userid, courseid) VALUES (2, 20, 14);
INSERT INTO usercourses (usercourseid, userid, courseid) VALUES (3, 12, 14);
INSERT INTO usercourses (usercourseid, userid, courseid) VALUES (4, 17, 6);
INSERT INTO usercourses (usercourseid, userid, courseid) VALUES (5, 13, 8);
INSERT INTO usercourses (usercourseid, userid, courseid) VALUES (6, 19, 5);
INSERT INTO usercourses (usercourseid, userid, courseid) VALUES (7, 16, 6);
INSERT INTO usercourses (usercourseid, userid, courseid) VALUES (8, 13, 15);
INSERT INTO usercourses (usercourseid, userid, courseid) VALUES (9, 10, 17);
INSERT INTO usercourses (usercourseid, userid, courseid) VALUES (10, 13, 11);
INSERT INTO usercourses (usercourseid, userid, courseid) VALUES (11, 9, 13);
INSERT INTO usercourses (usercourseid, userid, courseid) VALUES (12, 13, 19);
INSERT INTO usercourses (usercourseid, userid, courseid) VALUES (13, 9, 4);
INSERT INTO usercourses (usercourseid, userid, courseid) VALUES (14, 22, 8);
INSERT INTO usercourses (usercourseid, userid, courseid) VALUES (15, 12, 7);
INSERT INTO usercourses (usercourseid, userid, courseid) VALUES (16, 5, 19);
INSERT INTO usercourses (usercourseid, userid, courseid) VALUES (17, 16, 15);
INSERT INTO usercourses (usercourseid, userid, courseid) VALUES (18, 17, 5);
INSERT INTO usercourses (usercourseid, userid, courseid) VALUES (19, 22, 6);
INSERT INTO usercourses (usercourseid, userid, courseid) VALUES (20, 11, 15);
INSERT INTO usercourse_topics (usercourseid, topicid) VALUES (12, 12);
INSERT INTO usercourse_topics (usercourseid, topicid) VALUES (19, 13);
INSERT INTO usercourse_topics (usercourseid, topicid) VALUES (9, 16);
INSERT INTO usercourse_topics (usercourseid, topicid) VALUES (8, 5);
INSERT INTO usercourse_topics (usercourseid, topicid) VALUES (15, 5);
INSERT INTO usercourse_topics (usercourseid, topicid) VALUES (12, 10);
INSERT INTO usercourse_topics (usercourseid, topicid) VALUES (17, 5);
INSERT INTO usercourse_topics (usercourseid, topicid) VALUES (12, 10);
INSERT INTO usercourse_topics (usercourseid, topicid) VALUES (16, 10);
INSERT INTO usercourse_topics (usercourseid, topicid) VALUES (13, 7);
INSERT INTO usercourse_topics (usercourseid, topicid) VALUES (4, 17);
INSERT INTO usercourse_topics (usercourseid, topicid) VALUES (17, 12);
INSERT INTO usercourse_topics (usercourseid, topicid) VALUES (18, 10);
INSERT INTO usercourse_topics (usercourseid, topicid) VALUES (3, 6);
INSERT INTO usercourse_topics (usercourseid, topicid) VALUES (11, 2);
INSERT INTO usercourse_topics (usercourseid, topicid) VALUES (6, 6);
INSERT INTO usercourse_topics (usercourseid, topicid) VALUES (15, 11);
INSERT INTO usercourse_topics (usercourseid, topicid) VALUES (7, 7);
INSERT INTO usercourse_topics (usercourseid, topicid) VALUES (17, 10);
INSERT INTO usercourse_topics (usercourseid, topicid) VALUES (12, 5);

    INSERT INTO lecture (lectureid, start_date, end_date, teacherid, timeofday, topicid, courseid, state)
    VALUES (1, '2025-06-16', '2025-06-17', 21, 'pm', 4, 13, 'closed');
    

    INSERT INTO lecture (lectureid, start_date, end_date, teacherid, timeofday, topicid, courseid, state)
    VALUES (2, '2025-06-13', '2025-06-14', 3, 'pm', 11, 7, 'open');
    

    INSERT INTO lecture (lectureid, start_date, end_date, teacherid, timeofday, topicid, courseid, state)
    VALUES (3, '2025-06-13', '2025-06-14', 3, 'pm', 18, 16, 'closed');
    

    INSERT INTO lecture (lectureid, start_date, end_date, teacherid, timeofday, topicid, courseid, state)
    VALUES (4, '2025-06-05', '2025-06-06', 19, 'am', 10, 19, 'closed');
    

    INSERT INTO lecture (lectureid, start_date, end_date, teacherid, timeofday, topicid, courseid, state)
    VALUES (5, '2025-06-13', '2025-06-14', 7, 'am', 13, 20, 'closed');
    

    INSERT INTO lecture (lectureid, start_date, end_date, teacherid, timeofday, topicid, courseid, state)
    VALUES (6, '2025-05-23', '2025-05-24', 19, 'pm', 3, 1, 'closed');
    

    INSERT INTO lecture (lectureid, start_date, end_date, teacherid, timeofday, topicid, courseid, state)
    VALUES (7, '2025-06-10', '2025-06-11', 13, 'am', 18, 11, 'open');
    

    INSERT INTO lecture (lectureid, start_date, end_date, teacherid, timeofday, topicid, courseid, state)
    VALUES (8, '2025-05-29', '2025-05-30', 4, 'am', 2, 15, 'closed');
    

    INSERT INTO lecture (lectureid, start_date, end_date, teacherid, timeofday, topicid, courseid, state)
    VALUES (9, '2025-05-21', '2025-05-22', 18, 'am', 20, 2, 'closed');
    

    INSERT INTO lecture (lectureid, start_date, end_date, teacherid, timeofday, topicid, courseid, state)
    VALUES (10, '2025-05-27', '2025-05-28', 18, 'am', 12, 7, 'closed');
    

    INSERT INTO lecture (lectureid, start_date, end_date, teacherid, timeofday, topicid, courseid, state)
    VALUES (11, '2025-05-24', '2025-05-25', 15, 'pm', 11, 8, 'open');
    

    INSERT INTO lecture (lectureid, start_date, end_date, teacherid, timeofday, topicid, courseid, state)
    VALUES (12, '2025-06-08', '2025-06-09', 8, 'am', 3, 7, 'open');
    

    INSERT INTO lecture (lectureid, start_date, end_date, teacherid, timeofday, topicid, courseid, state)
    VALUES (13, '2025-06-06', '2025-06-07', 7, 'am', 18, 15, 'open');
    

    INSERT INTO lecture (lectureid, start_date, end_date, teacherid, timeofday, topicid, courseid, state)
    VALUES (14, '2025-05-24', '2025-05-25', 5, 'pm', 19, 20, 'closed');
    

    INSERT INTO lecture (lectureid, start_date, end_date, teacherid, timeofday, topicid, courseid, state)
    VALUES (15, '2025-05-18', '2025-05-19', 12, 'pm', 19, 3, 'open');
    

    INSERT INTO lecture (lectureid, start_date, end_date, teacherid, timeofday, topicid, courseid, state)
    VALUES (16, '2025-06-03', '2025-06-04', 17, 'am', 14, 10, 'open');
    

    INSERT INTO lecture (lectureid, start_date, end_date, teacherid, timeofday, topicid, courseid, state)
    VALUES (17, '2025-05-31', '2025-06-01', 7, 'am', 20, 18, 'open');
    

    INSERT INTO lecture (lectureid, start_date, end_date, teacherid, timeofday, topicid, courseid, state)
    VALUES (18, '2025-06-06', '2025-06-07', 12, 'am', 5, 20, 'closed');
    

    INSERT INTO lecture (lectureid, start_date, end_date, teacherid, timeofday, topicid, courseid, state)
    VALUES (19, '2025-05-15', '2025-05-16', 7, 'am', 2, 5, 'open');
    

    INSERT INTO lecture (lectureid, start_date, end_date, teacherid, timeofday, topicid, courseid, state)
    VALUES (20, '2025-06-09', '2025-06-10', 18, 'pm', 10, 14, 'closed');
    
INSERT INTO attendance (attendanceid, status, date, usercourseid, lectureid) VALUES (1, 0, '2025-06-27', 14, 13);
INSERT INTO attendance (attendanceid, status, date, usercourseid, lectureid) VALUES (2, 0, '2025-06-26', 18, 14);
INSERT INTO attendance (attendanceid, status, date, usercourseid, lectureid) VALUES (3, 0, '2025-06-25', 1, 14);
INSERT INTO attendance (attendanceid, status, date, usercourseid, lectureid) VALUES (4, 0, '2025-06-24', 19, 2);
INSERT INTO attendance (attendanceid, status, date, usercourseid, lectureid) VALUES (5, 1, '2025-06-23', 15, 11);
INSERT INTO attendance (attendanceid, status, date, usercourseid, lectureid) VALUES (6, 1, '2025-06-22', 10, 12);
INSERT INTO attendance (attendanceid, status, date, usercourseid, lectureid) VALUES (7, 0, '2025-06-21', 12, 2);
INSERT INTO attendance (attendanceid, status, date, usercourseid, lectureid) VALUES (8, 1, '2025-06-20', 13, 8);
INSERT INTO attendance (attendanceid, status, date, usercourseid, lectureid) VALUES (9, 1, '2025-06-19', 20, 5);
INSERT INTO attendance (attendanceid, status, date, usercourseid, lectureid) VALUES (10, 0, '2025-06-18', 13, 12);
INSERT INTO attendance (attendanceid, status, date, usercourseid, lectureid) VALUES (11, 0, '2025-06-17', 1, 9);
INSERT INTO attendance (attendanceid, status, date, usercourseid, lectureid) VALUES (12, 0, '2025-06-16', 16, 20);
INSERT INTO attendance (attendanceid, status, date, usercourseid, lectureid) VALUES (13, 1, '2025-06-15', 11, 13);
INSERT INTO attendance (attendanceid, status, date, usercourseid, lectureid) VALUES (14, 1, '2025-06-14', 14, 16);
INSERT INTO attendance (attendanceid, status, date, usercourseid, lectureid) VALUES (15, 0, '2025-06-13', 12, 9);
INSERT INTO attendance (attendanceid, status, date, usercourseid, lectureid) VALUES (16, 0, '2025-06-12', 4, 12);
INSERT INTO attendance (attendanceid, status, date, usercourseid, lectureid) VALUES (17, 1, '2025-06-11', 18, 11);
INSERT INTO attendance (attendanceid, status, date, usercourseid, lectureid) VALUES (18, 0, '2025-06-10', 11, 12);
INSERT INTO attendance (attendanceid, status, date, usercourseid, lectureid) VALUES (19, 0, '2025-06-09', 3, 9);
INSERT INTO attendance (attendanceid, status, date, usercourseid, lectureid) VALUES (20, 1, '2025-06-08', 16, 13);
INSERT INTO user_feedback (feedbackId, userid, topic, text) VALUES (1, 9, 'Feedback 1', 'This is feedback 1');
INSERT INTO user_feedback (feedbackId, userid, topic, text) VALUES (2, 8, 'Feedback 2', 'This is feedback 2');
INSERT INTO user_feedback (feedbackId, userid, topic, text) VALUES (3, 7, 'Feedback 3', 'This is feedback 3');
INSERT INTO user_feedback (feedbackId, userid, topic, text) VALUES (4, 18, 'Feedback 4', 'This is feedback 4');
INSERT INTO user_feedback (feedbackId, userid, topic, text) VALUES (5, 15, 'Feedback 5', 'This is feedback 5');
INSERT INTO user_feedback (feedbackId, userid, topic, text) VALUES (6, 8, 'Feedback 6', 'This is feedback 6');
INSERT INTO user_feedback (feedbackId, userid, topic, text) VALUES (7, 12, 'Feedback 7', 'This is feedback 7');
INSERT INTO user_feedback (feedbackId, userid, topic, text) VALUES (8, 16, 'Feedback 8', 'This is feedback 8');
INSERT INTO user_feedback (feedbackId, userid, topic, text) VALUES (9, 11, 'Feedback 9', 'This is feedback 9');
INSERT INTO user_feedback (feedbackId, userid, topic, text) VALUES (10, 6, 'Feedback 10', 'This is feedback 10');
INSERT INTO user_feedback (feedbackId, userid, topic, text) VALUES (11, 4, 'Feedback 11', 'This is feedback 11');
INSERT INTO user_feedback (feedbackId, userid, topic, text) VALUES (12, 8, 'Feedback 12', 'This is feedback 12');
INSERT INTO user_feedback (feedbackId, userid, topic, text) VALUES (13, 5, 'Feedback 13', 'This is feedback 13');
INSERT INTO user_feedback (feedbackId, userid, topic, text) VALUES (14, 16, 'Feedback 14', 'This is feedback 14');
INSERT INTO user_feedback (feedbackId, userid, topic, text) VALUES (15, 14, 'Feedback 15', 'This is feedback 15');
INSERT INTO user_feedback (feedbackId, userid, topic, text) VALUES (16, 11, 'Feedback 16', 'This is feedback 16');
INSERT INTO user_feedback (feedbackId, userid, topic, text) VALUES (17, 14, 'Feedback 17', 'This is feedback 17');
INSERT INTO user_feedback (feedbackId, userid, topic, text) VALUES (18, 4, 'Feedback 18', 'This is feedback 18');
INSERT INTO user_feedback (feedbackId, userid, topic, text) VALUES (19, 16, 'Feedback 19', 'This is feedback 19');
INSERT INTO user_feedback (feedbackId, userid, topic, text) VALUES (20, 22, 'Feedback 20', 'This is feedback 20');

    INSERT INTO work_log_courses (work_log_course_id, name, start_date, end_date, code, description, required_hours)
    VALUES (1, 'WorkLog Course 1', '2025-06-23', '2025-09-21', 'WLC001', 'Description 1', 100);
    

    INSERT INTO work_log_courses (work_log_course_id, name, start_date, end_date, code, description, required_hours)
    VALUES (2, 'WorkLog Course 2', '2025-06-18', '2025-09-16', 'WLC002', 'Description 2', 45);
    

    INSERT INTO work_log_courses (work_log_course_id, name, start_date, end_date, code, description, required_hours)
    VALUES (3, 'WorkLog Course 3', '2025-06-13', '2025-09-11', 'WLC003', 'Description 3', 91);
    

    INSERT INTO work_log_courses (work_log_course_id, name, start_date, end_date, code, description, required_hours)
    VALUES (4, 'WorkLog Course 4', '2025-06-08', '2025-09-06', 'WLC004', 'Description 4', 98);
    

    INSERT INTO work_log_courses (work_log_course_id, name, start_date, end_date, code, description, required_hours)
    VALUES (5, 'WorkLog Course 5', '2025-06-03', '2025-09-01', 'WLC005', 'Description 5', 90);
    

    INSERT INTO work_log_courses (work_log_course_id, name, start_date, end_date, code, description, required_hours)
    VALUES (6, 'WorkLog Course 6', '2025-05-29', '2025-08-27', 'WLC006', 'Description 6', 69);
    

    INSERT INTO work_log_courses (work_log_course_id, name, start_date, end_date, code, description, required_hours)
    VALUES (7, 'WorkLog Course 7', '2025-05-24', '2025-08-22', 'WLC007', 'Description 7', 62);
    

    INSERT INTO work_log_courses (work_log_course_id, name, start_date, end_date, code, description, required_hours)
    VALUES (8, 'WorkLog Course 8', '2025-05-19', '2025-08-17', 'WLC008', 'Description 8', 51);
    

    INSERT INTO work_log_courses (work_log_course_id, name, start_date, end_date, code, description, required_hours)
    VALUES (9, 'WorkLog Course 9', '2025-05-14', '2025-08-12', 'WLC009', 'Description 9', 77);
    

    INSERT INTO work_log_courses (work_log_course_id, name, start_date, end_date, code, description, required_hours)
    VALUES (10, 'WorkLog Course 10', '2025-05-09', '2025-08-07', 'WLC010', 'Description 10', 88);
    

    INSERT INTO work_log_courses (work_log_course_id, name, start_date, end_date, code, description, required_hours)
    VALUES (11, 'WorkLog Course 11', '2025-05-04', '2025-08-02', 'WLC011', 'Description 11', 55);
    

    INSERT INTO work_log_courses (work_log_course_id, name, start_date, end_date, code, description, required_hours)
    VALUES (12, 'WorkLog Course 12', '2025-04-29', '2025-07-28', 'WLC012', 'Description 12', 99);
    

    INSERT INTO work_log_courses (work_log_course_id, name, start_date, end_date, code, description, required_hours)
    VALUES (13, 'WorkLog Course 13', '2025-04-24', '2025-07-23', 'WLC013', 'Description 13', 73);
    

    INSERT INTO work_log_courses (work_log_course_id, name, start_date, end_date, code, description, required_hours)
    VALUES (14, 'WorkLog Course 14', '2025-04-19', '2025-07-18', 'WLC014', 'Description 14', 82);
    

    INSERT INTO work_log_courses (work_log_course_id, name, start_date, end_date, code, description, required_hours)
    VALUES (15, 'WorkLog Course 15', '2025-04-14', '2025-07-13', 'WLC015', 'Description 15', 77);
    

    INSERT INTO work_log_courses (work_log_course_id, name, start_date, end_date, code, description, required_hours)
    VALUES (16, 'WorkLog Course 16', '2025-04-09', '2025-07-08', 'WLC016', 'Description 16', 98);
    

    INSERT INTO work_log_courses (work_log_course_id, name, start_date, end_date, code, description, required_hours)
    VALUES (17, 'WorkLog Course 17', '2025-04-04', '2025-07-03', 'WLC017', 'Description 17', 94);
    

    INSERT INTO work_log_courses (work_log_course_id, name, start_date, end_date, code, description, required_hours)
    VALUES (18, 'WorkLog Course 18', '2025-03-30', '2025-06-28', 'WLC018', 'Description 18', 54);
    

    INSERT INTO work_log_courses (work_log_course_id, name, start_date, end_date, code, description, required_hours)
    VALUES (19, 'WorkLog Course 19', '2025-03-25', '2025-06-23', 'WLC019', 'Description 19', 63);
    

    INSERT INTO work_log_courses (work_log_course_id, name, start_date, end_date, code, description, required_hours)
    VALUES (20, 'WorkLog Course 20', '2025-03-20', '2025-06-18', 'WLC020', 'Description 20', 81);
    
INSERT INTO work_log_course_users (user_course_id, userid, work_log_course_id) VALUES (1, 20, 5);
INSERT INTO work_log_course_users (user_course_id, userid, work_log_course_id) VALUES (2, 14, 11);
INSERT INTO work_log_course_users (user_course_id, userid, work_log_course_id) VALUES (3, 11, 6);
INSERT INTO work_log_course_users (user_course_id, userid, work_log_course_id) VALUES (4, 3, 2);
INSERT INTO work_log_course_users (user_course_id, userid, work_log_course_id) VALUES (5, 12, 18);
INSERT INTO work_log_course_users (user_course_id, userid, work_log_course_id) VALUES (6, 5, 4);
INSERT INTO work_log_course_users (user_course_id, userid, work_log_course_id) VALUES (7, 13, 9);
INSERT INTO work_log_course_users (user_course_id, userid, work_log_course_id) VALUES (8, 21, 2);
INSERT INTO work_log_course_users (user_course_id, userid, work_log_course_id) VALUES (9, 10, 7);
INSERT INTO work_log_course_users (user_course_id, userid, work_log_course_id) VALUES (10, 22, 9);
INSERT INTO work_log_course_users (user_course_id, userid, work_log_course_id) VALUES (11, 14, 9);
INSERT INTO work_log_course_users (user_course_id, userid, work_log_course_id) VALUES (12, 9, 5);
INSERT INTO work_log_course_users (user_course_id, userid, work_log_course_id) VALUES (13, 11, 16);
INSERT INTO work_log_course_users (user_course_id, userid, work_log_course_id) VALUES (14, 9, 9);
INSERT INTO work_log_course_users (user_course_id, userid, work_log_course_id) VALUES (15, 7, 5);
INSERT INTO work_log_course_users (user_course_id, userid, work_log_course_id) VALUES (16, 19, 16);
INSERT INTO work_log_course_users (user_course_id, userid, work_log_course_id) VALUES (17, 13, 12);
INSERT INTO work_log_course_users (user_course_id, userid, work_log_course_id) VALUES (18, 10, 13);
INSERT INTO work_log_course_users (user_course_id, userid, work_log_course_id) VALUES (19, 19, 4);
INSERT INTO work_log_course_users (user_course_id, userid, work_log_course_id) VALUES (20, 21, 4);
INSERT INTO work_log_course_groups (group_id, work_log_course_id, group_name) VALUES (1, 13, 'WLG Group 1');
INSERT INTO work_log_course_groups (group_id, work_log_course_id, group_name) VALUES (2, 10, 'WLG Group 2');
INSERT INTO work_log_course_groups (group_id, work_log_course_id, group_name) VALUES (3, 8, 'WLG Group 3');
INSERT INTO work_log_course_groups (group_id, work_log_course_id, group_name) VALUES (4, 10, 'WLG Group 4');
INSERT INTO work_log_course_groups (group_id, work_log_course_id, group_name) VALUES (5, 1, 'WLG Group 5');
INSERT INTO work_log_course_groups (group_id, work_log_course_id, group_name) VALUES (6, 8, 'WLG Group 6');
INSERT INTO work_log_course_groups (group_id, work_log_course_id, group_name) VALUES (7, 19, 'WLG Group 7');
INSERT INTO work_log_course_groups (group_id, work_log_course_id, group_name) VALUES (8, 7, 'WLG Group 8');
INSERT INTO work_log_course_groups (group_id, work_log_course_id, group_name) VALUES (9, 8, 'WLG Group 9');
INSERT INTO work_log_course_groups (group_id, work_log_course_id, group_name) VALUES (10, 5, 'WLG Group 10');
INSERT INTO work_log_course_groups (group_id, work_log_course_id, group_name) VALUES (11, 13, 'WLG Group 11');
INSERT INTO work_log_course_groups (group_id, work_log_course_id, group_name) VALUES (12, 14, 'WLG Group 12');
INSERT INTO work_log_course_groups (group_id, work_log_course_id, group_name) VALUES (13, 9, 'WLG Group 13');
INSERT INTO work_log_course_groups (group_id, work_log_course_id, group_name) VALUES (14, 15, 'WLG Group 14');
INSERT INTO work_log_course_groups (group_id, work_log_course_id, group_name) VALUES (15, 12, 'WLG Group 15');
INSERT INTO work_log_course_groups (group_id, work_log_course_id, group_name) VALUES (16, 7, 'WLG Group 16');
INSERT INTO work_log_course_groups (group_id, work_log_course_id, group_name) VALUES (17, 19, 'WLG Group 17');
INSERT INTO work_log_course_groups (group_id, work_log_course_id, group_name) VALUES (18, 17, 'WLG Group 18');
INSERT INTO work_log_course_groups (group_id, work_log_course_id, group_name) VALUES (19, 12, 'WLG Group 19');
INSERT INTO work_log_course_groups (group_id, work_log_course_id, group_name) VALUES (20, 15, 'WLG Group 20');
INSERT INTO student_group_assignments (assignment_id, group_id, userid) VALUES (1, 20, 18);
INSERT INTO student_group_assignments (assignment_id, group_id, userid) VALUES (2, 10, 17);
INSERT INTO student_group_assignments (assignment_id, group_id, userid) VALUES (3, 10, 17);
INSERT INTO student_group_assignments (assignment_id, group_id, userid) VALUES (4, 5, 9);
INSERT INTO student_group_assignments (assignment_id, group_id, userid) VALUES (5, 17, 8);
INSERT INTO student_group_assignments (assignment_id, group_id, userid) VALUES (6, 18, 16);
INSERT INTO student_group_assignments (assignment_id, group_id, userid) VALUES (7, 20, 19);
INSERT INTO student_group_assignments (assignment_id, group_id, userid) VALUES (8, 3, 8);
INSERT INTO student_group_assignments (assignment_id, group_id, userid) VALUES (9, 20, 4);
INSERT INTO student_group_assignments (assignment_id, group_id, userid) VALUES (10, 2, 11);
INSERT INTO student_group_assignments (assignment_id, group_id, userid) VALUES (11, 20, 15);
INSERT INTO student_group_assignments (assignment_id, group_id, userid) VALUES (12, 4, 13);
INSERT INTO student_group_assignments (assignment_id, group_id, userid) VALUES (13, 2, 20);
INSERT INTO student_group_assignments (assignment_id, group_id, userid) VALUES (14, 3, 4);
INSERT INTO student_group_assignments (assignment_id, group_id, userid) VALUES (15, 13, 13);
INSERT INTO student_group_assignments (assignment_id, group_id, userid) VALUES (16, 2, 7);
INSERT INTO student_group_assignments (assignment_id, group_id, userid) VALUES (17, 19, 4);
INSERT INTO student_group_assignments (assignment_id, group_id, userid) VALUES (18, 1, 10);
INSERT INTO student_group_assignments (assignment_id, group_id, userid) VALUES (19, 18, 10);
INSERT INTO student_group_assignments (assignment_id, group_id, userid) VALUES (20, 13, 3);

    INSERT INTO work_log_practicum (work_log_practicum_id, name, userid, start_date, end_date, description, required_hours)
    VALUES (1, 'Practicum 1', 19, '2025-06-25', '2025-08-24', 'Practicum description 1', 29);
    

    INSERT INTO work_log_practicum (work_log_practicum_id, name, userid, start_date, end_date, description, required_hours)
    VALUES (2, 'Practicum 2', 4, '2025-06-22', '2025-08-21', 'Practicum description 2', 51);
    

    INSERT INTO work_log_practicum (work_log_practicum_id, name, userid, start_date, end_date, description, required_hours)
    VALUES (3, 'Practicum 3', 13, '2025-06-19', '2025-08-18', 'Practicum description 3', 77);
    

    INSERT INTO work_log_practicum (work_log_practicum_id, name, userid, start_date, end_date, description, required_hours)
    VALUES (4, 'Practicum 4', 15, '2025-06-16', '2025-08-15', 'Practicum description 4', 70);
    

    INSERT INTO work_log_practicum (work_log_practicum_id, name, userid, start_date, end_date, description, required_hours)
    VALUES (5, 'Practicum 5', 6, '2025-06-13', '2025-08-12', 'Practicum description 5', 42);
    

    INSERT INTO work_log_practicum (work_log_practicum_id, name, userid, start_date, end_date, description, required_hours)
    VALUES (6, 'Practicum 6', 5, '2025-06-10', '2025-08-09', 'Practicum description 6', 73);
    

    INSERT INTO work_log_practicum (work_log_practicum_id, name, userid, start_date, end_date, description, required_hours)
    VALUES (7, 'Practicum 7', 11, '2025-06-07', '2025-08-06', 'Practicum description 7', 67);
    

    INSERT INTO work_log_practicum (work_log_practicum_id, name, userid, start_date, end_date, description, required_hours)
    VALUES (8, 'Practicum 8', 6, '2025-06-04', '2025-08-03', 'Practicum description 8', 78);
    

    INSERT INTO work_log_practicum (work_log_practicum_id, name, userid, start_date, end_date, description, required_hours)
    VALUES (9, 'Practicum 9', 3, '2025-06-01', '2025-07-31', 'Practicum description 9', 62);
    

    INSERT INTO work_log_practicum (work_log_practicum_id, name, userid, start_date, end_date, description, required_hours)
    VALUES (10, 'Practicum 10', 12, '2025-05-29', '2025-07-28', 'Practicum description 10', 20);
    

    INSERT INTO work_log_practicum (work_log_practicum_id, name, userid, start_date, end_date, description, required_hours)
    VALUES (11, 'Practicum 11', 18, '2025-05-26', '2025-07-25', 'Practicum description 11', 38);
    

    INSERT INTO work_log_practicum (work_log_practicum_id, name, userid, start_date, end_date, description, required_hours)
    VALUES (12, 'Practicum 12', 12, '2025-05-23', '2025-07-22', 'Practicum description 12', 48);
    

    INSERT INTO work_log_practicum (work_log_practicum_id, name, userid, start_date, end_date, description, required_hours)
    VALUES (13, 'Practicum 13', 18, '2025-05-20', '2025-07-19', 'Practicum description 13', 66);
    

    INSERT INTO work_log_practicum (work_log_practicum_id, name, userid, start_date, end_date, description, required_hours)
    VALUES (14, 'Practicum 14', 6, '2025-05-17', '2025-07-16', 'Practicum description 14', 61);
    

    INSERT INTO work_log_practicum (work_log_practicum_id, name, userid, start_date, end_date, description, required_hours)
    VALUES (15, 'Practicum 15', 17, '2025-05-14', '2025-07-13', 'Practicum description 15', 36);
    

    INSERT INTO work_log_practicum (work_log_practicum_id, name, userid, start_date, end_date, description, required_hours)
    VALUES (16, 'Practicum 16', 20, '2025-05-11', '2025-07-10', 'Practicum description 16', 72);
    

    INSERT INTO work_log_practicum (work_log_practicum_id, name, userid, start_date, end_date, description, required_hours)
    VALUES (17, 'Practicum 17', 3, '2025-05-08', '2025-07-07', 'Practicum description 17', 35);
    

    INSERT INTO work_log_practicum (work_log_practicum_id, name, userid, start_date, end_date, description, required_hours)
    VALUES (18, 'Practicum 18', 11, '2025-05-05', '2025-07-04', 'Practicum description 18', 29);
    

    INSERT INTO work_log_practicum (work_log_practicum_id, name, userid, start_date, end_date, description, required_hours)
    VALUES (19, 'Practicum 19', 21, '2025-05-02', '2025-07-01', 'Practicum description 19', 23);
    

    INSERT INTO work_log_practicum (work_log_practicum_id, name, userid, start_date, end_date, description, required_hours)
    VALUES (20, 'Practicum 20', 4, '2025-04-29', '2025-06-28', 'Practicum description 20', 47);
    
INSERT INTO work_log_practicum_instructors (instructor_id, userid, work_log_practicum_id) VALUES (1, 12, 7);
INSERT INTO work_log_practicum_instructors (instructor_id, userid, work_log_practicum_id) VALUES (2, 17, 4);
INSERT INTO work_log_practicum_instructors (instructor_id, userid, work_log_practicum_id) VALUES (3, 22, 13);
INSERT INTO work_log_practicum_instructors (instructor_id, userid, work_log_practicum_id) VALUES (4, 14, 20);
INSERT INTO work_log_practicum_instructors (instructor_id, userid, work_log_practicum_id) VALUES (5, 8, 12);
INSERT INTO work_log_practicum_instructors (instructor_id, userid, work_log_practicum_id) VALUES (6, 6, 4);
INSERT INTO work_log_practicum_instructors (instructor_id, userid, work_log_practicum_id) VALUES (7, 17, 2);
INSERT INTO work_log_practicum_instructors (instructor_id, userid, work_log_practicum_id) VALUES (8, 8, 12);
INSERT INTO work_log_practicum_instructors (instructor_id, userid, work_log_practicum_id) VALUES (9, 3, 7);
INSERT INTO work_log_practicum_instructors (instructor_id, userid, work_log_practicum_id) VALUES (10, 20, 6);
INSERT INTO work_log_practicum_instructors (instructor_id, userid, work_log_practicum_id) VALUES (11, 19, 13);
INSERT INTO work_log_practicum_instructors (instructor_id, userid, work_log_practicum_id) VALUES (12, 18, 2);
INSERT INTO work_log_practicum_instructors (instructor_id, userid, work_log_practicum_id) VALUES (13, 20, 6);
INSERT INTO work_log_practicum_instructors (instructor_id, userid, work_log_practicum_id) VALUES (14, 16, 13);
INSERT INTO work_log_practicum_instructors (instructor_id, userid, work_log_practicum_id) VALUES (15, 13, 17);
INSERT INTO work_log_practicum_instructors (instructor_id, userid, work_log_practicum_id) VALUES (16, 21, 10);
INSERT INTO work_log_practicum_instructors (instructor_id, userid, work_log_practicum_id) VALUES (17, 19, 5);
INSERT INTO work_log_practicum_instructors (instructor_id, userid, work_log_practicum_id) VALUES (18, 14, 8);
INSERT INTO work_log_practicum_instructors (instructor_id, userid, work_log_practicum_id) VALUES (19, 8, 9);
INSERT INTO work_log_practicum_instructors (instructor_id, userid, work_log_practicum_id) VALUES (20, 8, 9);
INSERT INTO work_log_entries (entry_id, userid, work_log_course_id, work_log_practicum_id, start_time, end_time, description, status)
    VALUES (1, 21, NULL, 20, 
    '2025-06-21 09:54:13', '2025-06-26 09:54:13', 'Work entry 1', '1');
    
INSERT INTO work_log_entries (entry_id, userid, work_log_course_id, work_log_practicum_id, start_time, end_time, description, status)
    VALUES (2, 14, 6, NULL, 
    '2025-06-22 09:54:13', '2025-06-27 09:54:13', 'Work entry 2', '0');
    
INSERT INTO work_log_entries (entry_id, userid, work_log_course_id, work_log_practicum_id, start_time, end_time, description, status)
    VALUES (3, 15, NULL, 12, 
    '2025-06-18 09:54:13', '2025-06-24 09:54:13', 'Work entry 3', '2');
    
INSERT INTO work_log_entries (entry_id, userid, work_log_course_id, work_log_practicum_id, start_time, end_time, description, status)
    VALUES (4, 5, 20, NULL, 
    '2025-06-27 09:54:13', '2025-06-25 09:54:13', 'Work entry 4', '0');
    
INSERT INTO work_log_entries (entry_id, userid, work_log_course_id, work_log_practicum_id, start_time, end_time, description, status)
    VALUES (5, 20, NULL, 5, 
    '2025-06-27 09:54:13', '2025-06-24 09:54:13', 'Work entry 5', '3');
    
INSERT INTO work_log_entries (entry_id, userid, work_log_course_id, work_log_practicum_id, start_time, end_time, description, status)
    VALUES (6, 11, 10, NULL, 
    '2025-06-25 09:54:13', '2025-06-27 09:54:13', 'Work entry 6', '3');
    
INSERT INTO work_log_entries (entry_id, userid, work_log_course_id, work_log_practicum_id, start_time, end_time, description, status)
    VALUES (7, 5, NULL, 11, 
    '2025-06-20 09:54:13', '2025-06-28 09:54:13', 'Work entry 7', '1');
    
INSERT INTO work_log_entries (entry_id, userid, work_log_course_id, work_log_practicum_id, start_time, end_time, description, status)
    VALUES (8, 6, 16, NULL, 
    '2025-06-24 09:54:13', '2025-06-24 09:54:13', 'Work entry 8', '3');
    
INSERT INTO work_log_entries (entry_id, userid, work_log_course_id, work_log_practicum_id, start_time, end_time, description, status)
    VALUES (9, 21, NULL, 4, 
    '2025-06-23 09:54:13', '2025-06-27 09:54:13', 'Work entry 9', '3');
    
INSERT INTO work_log_entries (entry_id, userid, work_log_course_id, work_log_practicum_id, start_time, end_time, description, status)
    VALUES (10, 12, 20, NULL, 
    '2025-06-22 09:54:13', '2025-06-23 09:54:13', 'Work entry 10', '3');
    
INSERT INTO work_log_entries (entry_id, userid, work_log_course_id, work_log_practicum_id, start_time, end_time, description, status)
    VALUES (11, 7, NULL, 3, 
    '2025-06-22 09:54:13', '2025-06-25 09:54:13', 'Work entry 11', '0');
    
INSERT INTO work_log_entries (entry_id, userid, work_log_course_id, work_log_practicum_id, start_time, end_time, description, status)
    VALUES (12, 9, 7, NULL, 
    '2025-06-25 09:54:13', '2025-06-26 09:54:13', 'Work entry 12', '2');
    
INSERT INTO work_log_entries (entry_id, userid, work_log_course_id, work_log_practicum_id, start_time, end_time, description, status)
    VALUES (13, 22, NULL, 18, 
    '2025-06-23 09:54:13', '2025-06-25 09:54:13', 'Work entry 13', '3');
    
INSERT INTO work_log_entries (entry_id, userid, work_log_course_id, work_log_practicum_id, start_time, end_time, description, status)
    VALUES (14, 9, 13, NULL, 
    '2025-06-26 09:54:13', '2025-06-24 09:54:13', 'Work entry 14', '3');
    
INSERT INTO work_log_entries (entry_id, userid, work_log_course_id, work_log_practicum_id, start_time, end_time, description, status)
    VALUES (15, 19, NULL, 15, 
    '2025-06-21 09:54:13', '2025-06-28 09:54:13', 'Work entry 15', '1');
    
INSERT INTO work_log_entries (entry_id, userid, work_log_course_id, work_log_practicum_id, start_time, end_time, description, status)
    VALUES (16, 20, 4, NULL, 
    '2025-06-24 09:54:13', '2025-06-28 09:54:13', 'Work entry 16', '2');
    
INSERT INTO work_log_entries (entry_id, userid, work_log_course_id, work_log_practicum_id, start_time, end_time, description, status)
    VALUES (17, 9, NULL, 3, 
    '2025-06-21 09:54:13', '2025-06-24 09:54:13', 'Work entry 17', '3');
    
INSERT INTO work_log_entries (entry_id, userid, work_log_course_id, work_log_practicum_id, start_time, end_time, description, status)
    VALUES (18, 10, 8, NULL, 
    '2025-06-26 09:54:13', '2025-06-25 09:54:13', 'Work entry 18', '0');
    
INSERT INTO work_log_entries (entry_id, userid, work_log_course_id, work_log_practicum_id, start_time, end_time, description, status)
    VALUES (19, 19, NULL, 8, 
    '2025-06-24 09:54:13', '2025-06-27 09:54:13', 'Work entry 19', '0');
    
INSERT INTO work_log_entries (entry_id, userid, work_log_course_id, work_log_practicum_id, start_time, end_time, description, status)
    VALUES (20, 20, 18, NULL, 
    '2025-06-22 09:54:13', '2025-06-25 09:54:13', 'Work entry 20', '1');
    
INSERT INTO work_log_course_instructors (instructor_id, userid, work_log_course_id) VALUES (1, 6, 15);
INSERT INTO work_log_course_instructors (instructor_id, userid, work_log_course_id) VALUES (2, 8, 20);
INSERT INTO work_log_course_instructors (instructor_id, userid, work_log_course_id) VALUES (3, 17, 7);
INSERT INTO work_log_course_instructors (instructor_id, userid, work_log_course_id) VALUES (4, 22, 7);
INSERT INTO work_log_course_instructors (instructor_id, userid, work_log_course_id) VALUES (5, 4, 15);
INSERT INTO work_log_course_instructors (instructor_id, userid, work_log_course_id) VALUES (6, 16, 14);
INSERT INTO work_log_course_instructors (instructor_id, userid, work_log_course_id) VALUES (7, 7, 2);
INSERT INTO work_log_course_instructors (instructor_id, userid, work_log_course_id) VALUES (8, 11, 2);
INSERT INTO work_log_course_instructors (instructor_id, userid, work_log_course_id) VALUES (9, 9, 19);
INSERT INTO work_log_course_instructors (instructor_id, userid, work_log_course_id) VALUES (10, 7, 12);
INSERT INTO work_log_course_instructors (instructor_id, userid, work_log_course_id) VALUES (11, 16, 8);
INSERT INTO work_log_course_instructors (instructor_id, userid, work_log_course_id) VALUES (12, 9, 7);
INSERT INTO work_log_course_instructors (instructor_id, userid, work_log_course_id) VALUES (13, 21, 13);
INSERT INTO work_log_course_instructors (instructor_id, userid, work_log_course_id) VALUES (14, 12, 13);
INSERT INTO work_log_course_instructors (instructor_id, userid, work_log_course_id) VALUES (15, 9, 6);
INSERT INTO work_log_course_instructors (instructor_id, userid, work_log_course_id) VALUES (16, 14, 10);
INSERT INTO work_log_course_instructors (instructor_id, userid, work_log_course_id) VALUES (17, 3, 2);
INSERT INTO work_log_course_instructors (instructor_id, userid, work_log_course_id) VALUES (18, 8, 5);
INSERT INTO work_log_course_instructors (instructor_id, userid, work_log_course_id) VALUES (19, 4, 15);
INSERT INTO work_log_course_instructors (instructor_id, userid, work_log_course_id) VALUES (20, 3, 15);